Country,Gender,Average Income(Dollar)
IND,F,681.8181818181818
IND,M,606.0606060606061
SL,F,5549.242453490571
SL,M,22159.09102916225
Singapore,F,33189.55141207403
Singapore,M,25373.133696328576
UK,F,1800.5050597413076
UK,M,33522.72745437366
